<application>
  <component name="ActionsLocalSummary">
    <e n="$Paste">
      <i c="2" l="1740225328332" />
    </e>
    <e n="$Undo">
      <i c="2" l="1740224725904" />
    </e>
    <e n="CommentByLineComment">
      <i c="1" l="1740208694587" />
    </e>
    <e n="EditorBackSpace">
      <i c="513" l="1740225463208" />
    </e>
    <e n="EditorChooseLookupItem">
      <i c="93" l="1740225468824" />
    </e>
    <e n="EditorChooseLookupItemReplace">
      <i c="12" l="1740225453883" />
    </e>
    <e n="EditorCopy">
      <i c="12" l="1740225249300" />
    </e>
    <e n="EditorCut">
      <i c="5" l="1740225105843" />
    </e>
    <e n="EditorDelete">
      <i c="4" l="1740225317852" />
    </e>
    <e n="EditorDown">
      <i c="2026" l="1740225464868" />
    </e>
    <e n="EditorEnter">
      <i c="56" l="1740225460024" />
    </e>
    <e n="EditorLeft">
      <i c="241" l="1740225475413" />
    </e>
    <e n="EditorPaste">
      <i c="22" l="1740225319302" />
    </e>
    <e n="EditorRight">
      <i c="247" l="1740225474340" />
    </e>
    <e n="EditorTab">
      <i c="9" l="1740224025819" />
    </e>
    <e n="EditorUp">
      <i c="1305" l="1740225489845" />
    </e>
    <e n="GotoDeclaration">
      <i c="5" l="1740224898753" />
    </e>
    <e n="HideAllWindows">
      <i c="1" l="1740224304739" />
    </e>
    <e n="OpenFile">
      <i c="1" l="1727362718286" />
    </e>
    <e n="Rerun">
      <i c="2" l="1740225163352" />
    </e>
    <e n="Run">
      <i c="1" l="1727362738420" />
    </e>
    <e n="SaveAll">
      <i c="7" l="1740225506633" />
    </e>
    <e n="ShowIntentionActions">
      <i c="2" l="1740158689951" />
    </e>
    <e n="StepInto">
      <i c="9" l="1740225191902" />
    </e>
    <e n="ToggleLineBreakpoint">
      <i c="1" l="1740224401786" />
    </e>
    <e n="WelcomeScreen.OpenProject">
      <i c="1" l="1726758220980" />
    </e>
    <e n="com.intellij.execution.lineMarker.LineMarkerActionWrapper">
      <i c="23" l="1740225492134" />
    </e>
    <e n="com.intellij.openapi.actionSystem.impl.MoreActionGroup">
      <i c="1" l="1740158800880" />
    </e>
    <e n="com.intellij.openapi.fileEditor.impl.tabActions.CloseTab">
      <i c="6" l="1740209538886" />
    </e>
    <e n="com.intellij.toolWindow.ToolWindowHeader$HideAction">
      <i c="6" l="1740225197978" />
    </e>
    <e n="com.intellij.ui.codeFloatingToolbar.CustomizeCodeFloatingToolbarAction">
      <i c="1" l="1740158801092" />
    </e>
    <e n="com.intellij.xdebugger.impl.breakpoints.RemoveBreakpointGutterIconAction">
      <i c="2" l="1740225489203" />
    </e>
  </component>
</application>