<application>
  <component name="FileEditorProviderManager">{}</component>
  <component name="LangManager">
    <option name="languageName" value="JAVA" />
  </component>
  <component name="NotRoamableUiSettings">
    <option name="fontSize" value="13.0" />
    <option name="presentationModeIdeScale" value="1.75" />
  </component>
  <component name="PropertyService">{
  &quot;keyToString&quot;: {
    &quot;RunOnceActivity.java.code.vision.default.position.was.set&quot;: &quot;true&quot;,
    &quot;experimental.ui.first.promotion.localdate&quot;: &quot;2024-09-19&quot;,
    &quot;experimental.ui.on.first.startup&quot;: &quot;false&quot;,
    &quot;fileTypeChangedCounter&quot;: &quot;1&quot;,
    &quot;fontSizeToResetConsole&quot;: &quot;13.0&quot;,
    &quot;fontSizeToResetEditor&quot;: &quot;13.0&quot;,
    &quot;ide.memory.adjusted&quot;: &quot;true&quot;,
    &quot;input.method.disabler.muted&quot;: &quot;true&quot;,
    &quot;installed.kotlin.plugin.version&quot;: &quot;241.18034.62-IJ&quot;,
    &quot;last_opened_file_path&quot;: &quot;/home/coder/coursera/search-engine-test&quot;,
    &quot;llm.installer.last.toolwindow.state&quot;: &quot;LLM_INSTALLER&quot;,
    &quot;migrated.non.roamable.values.from.general.settings&quot;: &quot;true&quot;,
    &quot;previousColorScheme&quot;: &quot;_@user_Darcula&quot;,
    &quot;registry.to.advanced.settings.migration.build&quot;: &quot;IC-241.18034.62&quot;
  },
  &quot;keyToStringList&quot;: {
    &quot;file.chooser.recent.files&quot;: [
      &quot;/home/coder/coursera/search-engine-test&quot;
    ],
    &quot;fileTypeDetectors&quot;: [
      &quot;com.intellij.ide.scratch.ScratchFileServiceImpl$Detector&quot;,
      &quot;org.jetbrains.plugins.textmate.TextMateFileType$TextMateFileDetector&quot;
    ]
  }
}</component>
</application>