<project version="4">
  <component name="BookmarksManager">
    <option name="groups">
      <GroupState>
        <option name="name" value="C3M3L3Item07_STARTER" />
      </GroupState>
    </option>
  </component>
  <component name="FileEditorManager">
    <leaf ideFingerprint="a6h67yzvlq7a" SIDE_TABS_SIZE_LIMIT_KEY="-1">
      <file current-in-tab="false">
        <entry file="file://$PROJECT_DIR$/src/ContactBook.java">
          <provider editor-type-id="text-editor" selected="true">
            <state relative-caret-position="264">
              <caret line="100" column="65" selection-start-line="100" selection-start-column="65" selection-end-line="100" selection-end-column="65" />
              <folding>
                <element signature="method#searchContactByPhone#0;class#ContactBook#0" />
                <element signature="method#deleteContactByPhone#0;class#ContactBook#0" />
              </folding>
            </state>
          </provider>
        </entry>
      </file>
      <file current-in-tab="false">
        <entry file="file://$PROJECT_DIR$/src/Contact.java">
          <provider editor-type-id="text-editor" selected="true">
            <state relative-caret-position="178">
              <caret line="22" selection-start-line="22" selection-end-line="22" />
              <folding>
                <element signature="e#438#439#0" expanded="true" />
              </folding>
            </state>
          </provider>
        </entry>
      </file>
      <file>
        <entry file="file://$PROJECT_DIR$/test/ContactBookTest.java">
          <provider editor-type-id="text-editor" selected="true">
            <state relative-caret-position="66">
              <caret line="56" column="15" lean-forward="true" selection-start-line="56" selection-start-column="15" selection-end-line="56" selection-end-column="15" />
              <folding>
                <element signature="e#1548#1566#0" />
                <element signature="method#testSearchContactByPhone#0;class#ContactBookTest#0" />
                <element signature="method#testRemoveContactByPhone_found_returnsTrue#0;class#ContactBookTest#0" />
                <element signature="method#testRemoveContactByPhone_notFound_throwsIllegalArgumentException#0;class#ContactBookTest#0" />
              </folding>
            </state>
          </provider>
        </entry>
      </file>
    </leaf>
  </component>
  <component name="FileTypeUsageLocalSummary"><![CDATA[{
  "data": {
    "JAVA": {
      "usageCount": 17,
      "lastUsed": 1740225190286
    },
    "GitIgnore file": {
      "usageCount": 1,
      "lastUsed": 1740207871818
    }
  }
}]]></component>
  <component name="IdeDocumentHistory">
    <changedPaths>
      <option value="$PROJECT_DIR$/test/ContactBookTest.java" />
      <option value="$PROJECT_DIR$/src/ContactBook.java" />
    </changedPaths>
  </component>
  <component name="IgnoredFileRootStore">
    <option name="generatedRoots">
      <set>
        <option value="$PROJECT_DIR$/.idea" />
      </set>
    </option>
  </component>
  <component name="LanguageUsageStatistics">
    <language id="GitIgnore">
      <summary usageCount="1" lastUsage="1740207871818" />
    </language>
    <language id="JAVA">
      <summary usageCount="17" lastUsage="1740225190286" />
    </language>
  </component>
  <component name="ProjectView">
    <navigator currentView="ProjectPane" proportions="" version="1" />
    <panes>
      <pane id="PackagesPane" />
      <pane id="ProjectPane">
        <subPane>
          <expand>
            <path>
              <item name="C3M3L3Item07_STARTER" type="b2602c69:ProjectViewProjectNode" />
              <item name="dir{file:///home/coder/coursera/C3M3L3Item07_STARTER}" type="462c0819:PsiDirectoryNode" />
            </path>
            <path>
              <item name="C3M3L3Item07_STARTER" type="b2602c69:ProjectViewProjectNode" />
              <item name="dir{file:///home/coder/coursera/C3M3L3Item07_STARTER}" type="462c0819:PsiDirectoryNode" />
              <item name="dir{file:///home/coder/coursera/C3M3L3Item07_STARTER/src}" type="462c0819:PsiDirectoryNode" />
            </path>
            <path>
              <item name="C3M3L3Item07_STARTER" type="b2602c69:ProjectViewProjectNode" />
              <item name="dir{file:///home/coder/coursera/C3M3L3Item07_STARTER}" type="462c0819:PsiDirectoryNode" />
              <item name="dir{file:///home/coder/coursera/C3M3L3Item07_STARTER/test}" type="462c0819:PsiDirectoryNode" />
            </path>
          </expand>
          <select />
        </subPane>
      </pane>
      <pane id="Scope" />
    </panes>
  </component>
  <component name="RunConfigurationStartHistory">
    <history>
      <element setting="JUnit.ContactBookTest.testAddContact_onSameNumber_ThrowsIllegalArgumentException" />
      <element setting="JUnit.ContactBookTest.testRemoveContactByPhone_notFound_throwsIllegalArgumentException" />
      <element setting="JUnit.ContactBookTest.testRemoveContactByPhone_found_returnsTrue" />
      <element setting="JUnit.ContactBookTest.testSearchContactByPhone" />
    </history>
  </component>
  <component name="TestHistory">
    <history-entry file="ContactBookTest_testRemoveContactByPhone_notFound_throwsIllegalArgumentException - 2025.02.22 at 11h 35m 55s.xml">
      <configuration name="ContactBookTest.testRemoveContactByPhone_notFound_throwsIllegalArgumentException" configurationId="JUnit" />
    </history-entry>
    <history-entry file="ContactBookTest_testRemoveContactByPhone_notFound_throwsIllegalArgumentException - 2025.02.22 at 11h 38m 32s.xml">
      <configuration name="ContactBookTest.testRemoveContactByPhone_notFound_throwsIllegalArgumentException" configurationId="JUnit" />
    </history-entry>
    <history-entry file="ContactBookTest_testAddContact_onSameNumber_ThrowsIllegalArgumentException - 2025.02.22 at 11h 44m 56s.xml">
      <configuration name="ContactBookTest.testAddContact_onSameNumber_ThrowsIllegalArgumentException" configurationId="JUnit" />
    </history-entry>
    <history-entry file="ContactBookTest_testAddContact_onSameNumber_ThrowsIllegalArgumentException - 2025.02.22 at 11h 45m 40s.xml">
      <configuration name="ContactBookTest.testAddContact_onSameNumber_ThrowsIllegalArgumentException" configurationId="JUnit" />
    </history-entry>
    <history-entry file="ContactBookTest_testAddContact_onSameNumber_ThrowsIllegalArgumentException - 2025.02.22 at 11h 49m 18s.xml">
      <configuration name="ContactBookTest.testAddContact_onSameNumber_ThrowsIllegalArgumentException" configurationId="JUnit" />
    </history-entry>
    <history-entry file="ContactBookTest_testAddContact_onSameNumber_ThrowsIllegalArgumentException - 2025.02.22 at 11h 50m 43s.xml">
      <configuration name="ContactBookTest.testAddContact_onSameNumber_ThrowsIllegalArgumentException" configurationId="JUnit" />
    </history-entry>
    <history-entry file="ContactBookTest_testAddContact_onSameNumber_ThrowsIllegalArgumentException - 2025.02.22 at 11h 52m 00s.xml">
      <configuration name="ContactBookTest.testAddContact_onSameNumber_ThrowsIllegalArgumentException" configurationId="JUnit" />
    </history-entry>
    <history-entry file="ContactBookTest_testAddContact_onSameNumber_ThrowsIllegalArgumentException - 2025.02.22 at 11h 52m 34s.xml">
      <configuration name="ContactBookTest.testAddContact_onSameNumber_ThrowsIllegalArgumentException" configurationId="JUnit" />
    </history-entry>
    <history-entry file="ContactBookTest_testAddContact_onSameNumber_ThrowsIllegalArgumentException - 2025.02.22 at 11h 52m 43s.xml">
      <configuration name="ContactBookTest.testAddContact_onSameNumber_ThrowsIllegalArgumentException" configurationId="JUnit" />
    </history-entry>
    <history-entry file="ContactBookTest_testAddContact_onSameNumber_ThrowsIllegalArgumentException - 2025.02.22 at 11h 58m 16s.xml">
      <configuration name="ContactBookTest.testAddContact_onSameNumber_ThrowsIllegalArgumentException" configurationId="JUnit" />
    </history-entry>
  </component>
  <component name="ToolWindowManager">
    <layout>
      <window_info id="Bookmarks" order="0" side_tool="true" />
      <window_info content_ui="combo" id="Project" order="1" weight="0.20299146" />
      <window_info id="Learn" order="2" />
      <window_info id="Structure" order="3" side_tool="true" />
      <window_info anchor="bottom" id="Version Control" order="0" />
      <window_info anchor="bottom" id="Find" order="1" weight="0.33055556" />
      <window_info anchor="bottom" id="Run" order="2" visible="true" weight="0.33611113" />
      <window_info anchor="bottom" id="Debug" order="3" weight="0.40092593" />
      <window_info anchor="bottom" id="TODO" order="4" />
      <window_info anchor="bottom" id="Inspection" order="5" weight="0.4" />
      <window_info anchor="bottom" id="Problems View" order="6" />
      <window_info anchor="bottom" id="Terminal" order="7" />
      <window_info anchor="bottom" id="Services" order="8" />
      <window_info anchor="bottom" id="Build" order="9" weight="0.33055556" />
      <window_info anchor="right" id="Coverage" order="0" side_tool="true" />
      <window_info anchor="right" id="AIAssistant" order="1" />
      <window_info anchor="right" id="Notifications" order="2" weight="0.25" />
      <unified_weights bottom="0.40092593" left="0.20299146" />
    </layout>
    <layout-to-restore>
      <window_info id="Bookmarks" order="0" side_tool="true" />
      <window_info content_ui="combo" id="Project" order="1" weight="0.20299146" />
      <window_info id="Learn" order="2" />
      <window_info id="Structure" order="3" side_tool="true" />
      <window_info anchor="bottom" id="Version Control" order="0" />
      <window_info anchor="bottom" id="Find" order="1" weight="0.33055556" />
      <window_info anchor="bottom" id="Run" order="2" visible="true" weight="0.3101852" />
      <window_info anchor="bottom" id="Debug" order="3" weight="0.40092593" />
      <window_info anchor="bottom" id="TODO" order="4" />
      <window_info anchor="bottom" id="Inspection" order="5" weight="0.4" />
      <window_info anchor="bottom" id="Problems View" order="6" />
      <window_info anchor="bottom" id="Terminal" order="7" />
      <window_info anchor="bottom" id="Services" order="8" />
      <window_info anchor="bottom" id="Build" order="9" weight="0.33055556" />
      <window_info anchor="right" id="Coverage" order="0" side_tool="true" />
      <window_info anchor="right" id="AIAssistant" order="1" />
      <window_info anchor="right" id="Notifications" order="2" weight="0.25" />
      <unified_weights bottom="0.3101852" left="0.20299146" />
    </layout-to-restore>
    <recentWindows>
      <value>Run</value>
      <value>Debug</value>
      <value>Project</value>
      <value>Find</value>
    </recentWindows>
  </component>
  <component name="WindowStateProjectService">
    <state width="660" height="153" key="GridCell.Tab.0.bottom" timestamp="1740225496332">
      <screen x="0" y="31" width="702" height="564" />
    </state>
    <state width="660" height="153" key="GridCell.Tab.0.bottom/0.31.702.564@0.31.702.564" timestamp="1740225496332" />
    <state width="663" height="246" key="GridCell.Tab.0.bottom/0.31.705.564@0.31.705.564" timestamp="1740210912444" />
    <state width="697" height="150" key="GridCell.Tab.0.bottom/0.31.739.564@0.31.739.564" timestamp="1740209537056" />
    <state width="737" height="113" key="GridCell.Tab.0.bottom/0.31.779.564@0.31.779.564" timestamp="1740224155402" />
    <state width="829" height="146" key="GridCell.Tab.0.bottom/0.31.871.564@0.31.871.564" timestamp="1740223501128" />
    <state width="660" height="153" key="GridCell.Tab.0.center" timestamp="1740225496332">
      <screen x="0" y="31" width="702" height="564" />
    </state>
    <state width="660" height="153" key="GridCell.Tab.0.center/0.31.702.564@0.31.702.564" timestamp="1740225496332" />
    <state width="663" height="246" key="GridCell.Tab.0.center/0.31.705.564@0.31.705.564" timestamp="1740210912444" />
    <state width="697" height="150" key="GridCell.Tab.0.center/0.31.739.564@0.31.739.564" timestamp="1740209537056" />
    <state width="737" height="113" key="GridCell.Tab.0.center/0.31.779.564@0.31.779.564" timestamp="1740224155402" />
    <state width="829" height="146" key="GridCell.Tab.0.center/0.31.871.564@0.31.871.564" timestamp="1740223501128" />
    <state width="660" height="153" key="GridCell.Tab.0.left" timestamp="1740225496332">
      <screen x="0" y="31" width="702" height="564" />
    </state>
    <state width="660" height="153" key="GridCell.Tab.0.left/0.31.702.564@0.31.702.564" timestamp="1740225496332" />
    <state width="663" height="246" key="GridCell.Tab.0.left/0.31.705.564@0.31.705.564" timestamp="1740210912444" />
    <state width="697" height="150" key="GridCell.Tab.0.left/0.31.739.564@0.31.739.564" timestamp="1740209537054" />
    <state width="737" height="113" key="GridCell.Tab.0.left/0.31.779.564@0.31.779.564" timestamp="1740224155402" />
    <state width="829" height="146" key="GridCell.Tab.0.left/0.31.871.564@0.31.871.564" timestamp="1740223501128" />
    <state width="660" height="153" key="GridCell.Tab.0.right" timestamp="1740225496332">
      <screen x="0" y="31" width="702" height="564" />
    </state>
    <state width="660" height="153" key="GridCell.Tab.0.right/0.31.702.564@0.31.702.564" timestamp="1740225496332" />
    <state width="663" height="246" key="GridCell.Tab.0.right/0.31.705.564@0.31.705.564" timestamp="1740210912444" />
    <state width="697" height="150" key="GridCell.Tab.0.right/0.31.739.564@0.31.739.564" timestamp="1740209537056" />
    <state width="737" height="113" key="GridCell.Tab.0.right/0.31.779.564@0.31.779.564" timestamp="1740224155402" />
    <state width="829" height="146" key="GridCell.Tab.0.right/0.31.871.564@0.31.871.564" timestamp="1740223501128" />
    <state width="660" height="188" key="GridCell.Tab.1.bottom" timestamp="1740225197981">
      <screen x="0" y="31" width="702" height="564" />
    </state>
    <state width="660" height="188" key="GridCell.Tab.1.bottom/0.31.702.564@0.31.702.564" timestamp="1740225197981" />
    <state width="663" height="188" key="GridCell.Tab.1.bottom/0.31.705.564@0.31.705.564" timestamp="1740210079180" />
    <state width="660" height="188" key="GridCell.Tab.1.center" timestamp="1740225197981">
      <screen x="0" y="31" width="702" height="564" />
    </state>
    <state width="660" height="188" key="GridCell.Tab.1.center/0.31.702.564@0.31.702.564" timestamp="1740225197981" />
    <state width="663" height="188" key="GridCell.Tab.1.center/0.31.705.564@0.31.705.564" timestamp="1740210079180" />
    <state width="660" height="188" key="GridCell.Tab.1.left" timestamp="1740225197981">
      <screen x="0" y="31" width="702" height="564" />
    </state>
    <state width="660" height="188" key="GridCell.Tab.1.left/0.31.702.564@0.31.702.564" timestamp="1740225197981" />
    <state width="663" height="188" key="GridCell.Tab.1.left/0.31.705.564@0.31.705.564" timestamp="1740210079180" />
    <state width="660" height="188" key="GridCell.Tab.1.right" timestamp="1740225197981">
      <screen x="0" y="31" width="702" height="564" />
    </state>
    <state width="660" height="188" key="GridCell.Tab.1.right/0.31.702.564@0.31.702.564" timestamp="1740225197981" />
    <state width="663" height="188" key="GridCell.Tab.1.right/0.31.705.564@0.31.705.564" timestamp="1740210079180" />
  </component>
  <component name="editorHistoryManager">
    <entry file="file://$PROJECT_DIR$/.gitignore">
      <provider selected="true" editor-type-id="text-editor" />
    </entry>
    <entry file="file://$PROJECT_DIR$/src/Contact.java">
      <provider selected="true" editor-type-id="text-editor">
        <state relative-caret-position="178">
          <caret line="22" selection-start-line="22" selection-end-line="22" />
          <folding>
            <element signature="e#438#439#0" expanded="true" />
          </folding>
        </state>
      </provider>
    </entry>
    <entry file="file://$PROJECT_DIR$/src/ContactBook.java">
      <provider selected="true" editor-type-id="text-editor">
        <state relative-caret-position="264">
          <caret line="100" column="65" selection-start-line="100" selection-start-column="65" selection-end-line="100" selection-end-column="65" />
          <folding>
            <element signature="method#searchContactByPhone#0;class#ContactBook#0" />
            <element signature="method#deleteContactByPhone#0;class#ContactBook#0" />
          </folding>
        </state>
      </provider>
    </entry>
    <entry file="file://$PROJECT_DIR$/test/ContactBookTest.java">
      <provider selected="true" editor-type-id="text-editor">
        <state relative-caret-position="66">
          <caret line="56" column="15" lean-forward="true" selection-start-line="56" selection-start-column="15" selection-end-line="56" selection-end-column="15" />
          <folding>
            <element signature="e#1548#1566#0" />
            <element signature="method#testSearchContactByPhone#0;class#ContactBookTest#0" />
            <element signature="method#testRemoveContactByPhone_found_returnsTrue#0;class#ContactBookTest#0" />
            <element signature="method#testRemoveContactByPhone_notFound_throwsIllegalArgumentException#0;class#ContactBookTest#0" />
          </folding>
        </state>
      </provider>
    </entry>
  </component>
</project>